{"cameraMode":{"drawMode":0,"name":"Shaded","section":"Shading Mode"},"sceneLighting":true,"audioPlay":false,"sceneViewState":{"m_AlwaysRefresh":false,"showFog":true,"showSkybox":true,"showFlares":true,"showImageEffects":true,"showParticleSystems":true,"showVisualEffectGraphs":true,"m_FxEnabled":true},"in2DMode":false,"pivot":{"x":203.10549926757813,"y":-5.039581298828125,"z":6.508223533630371},"rotation":{"x":0.36888977885246279,"y":-0.06476667523384094,"z":0.026040643453598024,"w":0.9265605807304382},"size":10.465777397155762,"orthographic":false}