{"cameraMode":{"drawMode":0,"name":"Shaded","section":"Shading Mode"},"sceneLighting":false,"audioPlay":false,"sceneViewState":{"m_AlwaysRefresh":false,"showFog":true,"showSkybox":false,"showFlares":true,"showImageEffects":true,"showParticleSystems":true,"showVisualEffectGraphs":true,"m_FxEnabled":true},"in2DMode":false,"pivot":{"x":0.018341124057769777,"y":-0.03840318322181702,"z":0.2754749655723572},"rotation":{"x":-0.2327004224061966,"y":0.019538316875696183,"z":-0.004669700283557177,"w":-0.9723590612411499},"size":0.7095175981521606,"orthographic":false}