{"cameraMode":{"drawMode":0,"name":"Shaded","section":"Shading Mode"},"sceneLighting":false,"audioPlay":false,"sceneViewState":{"m_AlwaysRefresh":false,"showFog":true,"showSkybox":false,"showFlares":true,"showImageEffects":true,"showParticleSystems":true,"showVisualEffectGraphs":true,"m_FxEnabled":true},"in2DMode":false,"pivot":{"x":0.0172727108001709,"y":-0.19068396091461183,"z":0.0042701661586761478},"rotation":{"x":-0.05503404513001442,"y":0.7842470407485962,"z":-0.0702926442027092,"w":-0.6139615178108215},"size":0.7088723182678223,"orthographic":false}