{"cameraMode":{"drawMode":0,"name":"Shaded","section":"Shading Mode"},"sceneLighting":false,"audioPlay":false,"sceneViewState":{"m_AlwaysRefresh":false,"showFog":true,"showSkybox":false,"showFlares":true,"showImageEffects":true,"showParticleSystems":true,"showVisualEffectGraphs":true,"m_FxEnabled":true},"in2DMode":false,"pivot":{"x":0.20518894493579865,"y":0.560543417930603,"z":-3.973910331726074},"rotation":{"x":0.18733477592468263,"y":0.20893032848834992,"z":-0.040626391768455508,"w":0.9588836431503296},"size":0.7095175981521606,"orthographic":false}