{"cameraMode":{"drawMode":0,"name":"Shaded","section":"Shading Mode"},"sceneLighting":true,"audioPlay":false,"sceneViewState":{"m_AlwaysRefresh":false,"showFog":true,"showSkybox":true,"showFlares":true,"showImageEffects":true,"showParticleSystems":true,"showVisualEffectGraphs":true,"m_FxEnabled":true},"in2DMode":false,"pivot":{"x":268.24249267578127,"y":3.4699361324310304,"z":-9.991499900817871},"rotation":{"x":-0.03847206011414528,"y":-0.5778810977935791,"z":0.027641499415040017,"w":-0.8144772052764893},"size":0.7095175981521606,"orthographic":false}