{"cameraMode":{"drawMode":0,"name":"Shaded","section":"Shading Mode"},"sceneLighting":true,"audioPlay":false,"sceneViewState":{"m_AlwaysRefresh":false,"showFog":true,"showSkybox":true,"showFlares":true,"showImageEffects":true,"showParticleSystems":true,"showVisualEffectGraphs":true,"m_FxEnabled":true},"in2DMode":false,"pivot":{"x":315.6127014160156,"y":0.22817516326904298,"z":-6.071168422698975},"rotation":{"x":-0.007145076524466276,"y":0.5400022268295288,"z":-0.004413014277815819,"w":-0.8413856029510498},"size":0.7095175981521606,"orthographic":false}